{"test_accuracy":98.48,"test_loss":0.00037384995225584134,"_wandb":{"runtime":905},"_runtime":905,"train_loss":0.05254432559013367,"train_accuracy":97.19166666666666,"_timestamp":1.7703189699571478e+09,"_step":9399}