{"_runtime":1372,"train_loss":0.049417611211538315,"train_accuracy":96.86166666666666,"_timestamp":1.7703150728426385e+09,"_step":9399,"test_loss":0.0002261891155896592,"test_accuracy":99.07,"_wandb":{"runtime":1372}}