{"train_loss":0.04264950752258301,"train_accuracy":92.815,"_timestamp":1.7699659513984087e+09,"_step":9389,"test_accuracy":97.19,"test_loss":0.001455710602621548,"_wandb":{"runtime":1011},"_runtime":1011}