{"_runtime":528,"_wandb":{"runtime":528},"train_accuracy":77.44140625,"_timestamp":1.7703170496330938e+09,"_step":3783,"train_loss":0.8121196031570435,"test_accuracy":87.43,"test_loss":0.003223427453637123}